{
  "/andaman-nicobar-tourism/page": "app/andaman-nicobar-tourism/page.js",
  "/assam-guwahati-tourism/page": "app/assam-guwahati-tourism/page.js",
  "/contact/page": "app/contact/page.js",
  "/digha/page": "app/digha/page.js",
  "/dooars/page": "app/dooars/page.js",
  "/himachal-tourism/page": "app/himachal-tourism/page.js",
  "/jammu-kashmir-tourism/page": "app/jammu-kashmir-tourism/page.js",
  "/kerala-tourism/page": "app/kerala-tourism/page.js",
  "/packages/bengal-beckons/page": "app/packages/bengal-beckons/page.js",
  "/packages/india/page": "app/packages/india/page.js",
  "/rajasthan-tourism/page": "app/rajasthan-tourism/page.js",
  "/sundarban/page": "app/sundarban/page.js"
}